{
  "train_loss": [
    0.8252726058276851,
    0.6832616425464663,
    0.6321751620997204,
    0.7244042220075478,
    0.7010209642434388,
    0.6652041677845998,
    0.6385519368092666,
    0.6324097292309396,
    0.6130865164352267,
    0.6134985544708338
  ],
  "train_acc": [
    79.06425561797752,
    87.19276685393258,
    88.94838483146067,
    85.34124533297133,
    86.5438204728736,
    88.22377443158881,
    89.47485266056445,
    89.41170585194895,
    90.26294799129289,
    90.46778201119359
  ],
  "val_acc": [
    92.98737727910239,
    94.24964936886396,
    91.02384291725105,
    94.63534361851332,
    95.44179523141655,
    95.96774193548387,
    96.56381486676017,
    96.56381486676017,
    96.63394109396914,
    96.91444600280505
  ]
}